[{"img":"com.playwith.rhm.io.gamepot.unity.plugin.GamePotSDKActivity.png","name":"洛汗M","system":"0","package":"com.playwith.rhm","appstore":"no","activity":"io.gamepot.unity.plugin.GamePotSDKActivity","version":"37","versionName":"1.1.4","gl3required":false,"videopresent":false},{"img":"com.userjoy.sgc.com.unity3d.player.UnityPlayerNativeActivity.png","name":"三國群英傳M","system":"0","package":"com.userjoy.sgc","appstore":"no","activity":"com.unity3d.player.UnityPlayerNativeActivity","version":"28028","versionName":"0.28.28","gl3required":false,"videopresent":false}]