[{"img":"com.playwith.rhm.io.gamepot.unity.plugin.GamePotSDKActivity.png","name":"洛汗M","system":"0","package":"com.playwith.rhm","appstore":"no","activity":"io.gamepot.unity.plugin.GamePotSDKActivity","version":"35","versionName":"1.1.1","gl3required":false,"videopresent":false},{"img":"com.garena.game.codm.com.tencent.tmgp.cod.PermissionGrantActivity.png","name":"決勝時刻","system":"0","package":"com.garena.game.codm","appstore":"no","activity":"com.tencent.tmgp.cod.PermissionGrantActivity","version":"2128","versionName":"1.6.10","gl3required":true,"videopresent":false},{"img":"com.gamania.lineagem.com.lineage.AppActivity.png","name":"天堂M","system":"0","package":"com.gamania.lineagem","appstore":"no","activity":"com.lineage.AppActivity","version":"55","versionName":"1.4.7","gl3required":false,"videopresent":false},{"img":"com.mangot5.TwelveSkyM.tw.com.mycard.paymentsdk.unity.MyCardSDK.png","name":"十二之天M","system":"0","package":"com.mangot5.TwelveSkyM","appstore":"no","activity":"tw.com.mycard.paymentsdk.unity.MyCardSDK","version":"143","versionName":"125","gl3required":false,"videopresent":false},{"img":"com.rekoo.pubgm.com.epicgames.ue4.SplashActivity.png","name":"PUBG MOBILE","system":"0","package":"com.rekoo.pubgm","appstore":"no","activity":"com.epicgames.ue4.SplashActivity","version":"11460","versionName":"0.16.0","gl3required":true,"videopresent":false},{"img":"com.userjoy.sgc.com.unity3d.player.UnityPlayerNativeActivity.png","name":"三國群英傳M","system":"0","package":"com.userjoy.sgc","appstore":"no","activity":"com.unity3d.player.UnityPlayerNativeActivity","version":"27028","versionName":"0.27.28","gl3required":false,"videopresent":false}]